plaintext_header_length,padding_length
52.167793,9.705637
52.204517,9.851617
52.160744,9.655775
52.072,9.209143
52.198963,9.832987
52.188946,9.768978
52.142525,9.570015
51.99643,-0.006828001
51.997047,-0.008156469
51.798157,0.578446
52.214195,9.880249
51.681515,1.5389811
51.826313,0.5078648
51.928978,0.18522365
52.079914,9.294219
52.17559,9.712793
51.99982,8.846777
52.198868,9.804524
52.03263,8.954866
52.190155,9.77384
51.99655,-0.008512428
51.999367,-0.009384563
52.003548,-0.00950711
51.848114,6.9010167
52.216938,9.887124
51.655594,2.3589244
51.836796,0.46631008
52.10442,9.398748
51.88928,0.28575665
51.983852,0.071974345
52.12858,9.528262
52.17365,9.701347
52.02646,8.999057
52.19469,9.786789
51.9989,-0.0077010896
52.00229,-0.011433532
51.976223,0.06038744
52.209045,9.855521
51.658836,2.871663
51.790718,0.66200167
51.89129,0.28959924
51.933525,8.281064
52.151337,9.620048
52.00121,-0.015673092
52.002373,-0.015353849
52.002262,-0.014215877
51.897938,0.24647935
52.21653,9.877163
51.67856,1.5794897
51.83598,0.4688173
51.913338,0.22585018
52.089886,9.331313
51.962685,0.1158436
51.65667,2.3916507
52.171047,9.700393
52.066624,9.209754
52.203293,9.82132
52.044426,9.066111
52.199356,9.825707
52.035595,8.983165
52.191822,9.784449
52.073734,9.21568
52.187843,9.767427
51.997158,-0.0067099836
51.99982,-0.009301355
52.083405,9.308065
52.20648,9.850947
51.689262,1.4107136
51.8695,0.35178453
51.790657,0.65659577
52.082584,9.307876
52.001804,-0.016433408
52.006214,-0.00084107183
52.21113,9.856466
52.188526,9.762536
51.769073,0.75801474
51.84727,0.41824967
52.119026,9.466058
51.999672,8.738629
52.20543,9.829218
52.005028,8.804217
52.1908,9.77833
52.03974,9.012368
52.188854,9.770807
52.07861,9.241468
52.190693,9.787139
52.07745,9.2311945
52.187534,9.764596
51.996532,-0.007586887
51.99786,-0.009882381
52.004738,-0.01200526
51.978706,0.06269247
52.218697,9.898528
51.67594,1.6219629
51.804375,0.60038525
51.908787,0.24203785
51.9227,0.20668967
52.000603,0.04573495
52.21829,9.879363
52.147923,9.598286
52.035885,9.005763
52.194202,9.7891
52.014538,8.78503
52.19605,9.804588
52.033443,8.964078
52.19163,9.785559
52.087402,9.295788
52.18988,9.7757
51.997414,-0.0062171724
51.717316,1.02079
52.20441,9.845064
51.76668,0.7537649
51.761116,0.8149076
52.200207,9.808006
52.125217,9.49246
51.999977,-0.011823824
51.998707,-0.011269024
51.999146,-0.009088924
51.86795,7.182678
52.211754,9.865071
51.66133,1.9270316
51.77981,0.70524937
51.90568,0.23799117
52.04222,9.075062
51.969494,0.103455134
52.174118,9.707808
52.14836,9.60911
52.001102,-0.013801506
51.967663,0.08382399
52.209354,9.85496
51.670486,1.7248154
51.880062,0.33013326
52.19865,9.796448
52.106064,9.416106
51.998386,8.788026
52.194195,9.782918
51.99604,-0.007820299
52.000668,-0.009089401
51.85297,6.9113774
52.208977,9.85601
51.673283,1.6803175
51.79998,0.6225582
51.901196,0.26304942
52.20028,9.802254
52.156647,9.643592
52.002228,-0.013422182
52.003906,-0.012190273
52.13441,9.546132
52.21008,9.870801
52.026417,9.011057
51.78691,0.6597634
51.891216,0.27687818
52.107983,9.424085
52.011333,8.893514
52.20424,9.821657
52.055946,9.1364155
52.198273,9.822685
51.99766,-0.007924488
51.99846,-0.010195186
52.002552,-0.010862282
52.104897,9.415354
52.215034,9.881071
51.671192,1.687662
51.867992,0.35154897
51.941494,0.15391739
51.96959,0.09332187
52.215397,9.851733
52.145786,9.596128
52.00151,-0.013591936
52.000866,-0.0121683385
51.896774,7.5767455
52.211094,9.869521
51.690544,1.4027364
51.829296,0.49521762
51.904724,0.24754222
52.192516,9.772081
52.15988,9.653266
52.000546,-0.0130483415
51.998764,0.0044997428
52.206226,9.847418
51.67343,1.6898797
51.798107,0.64199024
52.146576,9.600185
52.122692,9.485097
51.983753,8.664871
52.201096,9.816362
52.0343,8.957366
52.19734,9.809484
52.086613,9.291711
52.193512,9.788311
51.998352,-0.008814743
52.000183,-0.011187723
51.789898,5.807444
52.21008,9.864298
51.65898,2.0205543
51.800385,0.62071353
51.919613,0.21157534
52.196167,9.784328
52.156437,9.635797
52.043774,9.075305
52.191826,9.776256
51.996803,-0.0073246267
51.99839,-0.0075716283
52.002678,-0.010664633
51.985653,0.043411322
52.21488,9.882848
51.65755,2.1599574
51.842712,0.44984132
51.896446,0.27514607
51.954144,0.12988956
51.991795,0.07110412
52.215786,9.862211
52.142162,9.582055
52.061634,9.184132
52.192062,9.777227
52.021767,8.857965
52.19001,9.773181
52.039154,9.012843
52.190113,9.772488
52.0444,9.041633
52.185757,9.75073
52.036083,8.982661
52.18888,9.76531
52.06647,9.185666
52.190186,9.77437
52.071457,9.208023
52.19143,9.781998
52.019432,8.854339
52.191566,9.78368
51.99926,-0.007413557
52.00161,-0.007499149
52.209187,9.858807
51.77893,0.71801525
51.82466,0.5265716
51.97558,8.690629
52.110703,9.43657
52.00297,-0.016417673
52.0034,-0.015610149
52.006466,-0.015672615
51.90048,7.855579
52.22019,9.891943
51.67935,1.5745927
51.822865,0.52817065
51.944916,0.14869554
51.954,0.13169272
52.187355,9.755102
52.155796,9.640099
52.044224,9.0879345
52.200256,9.81678
52.07941,9.241946
52.194885,9.802943
52.056618,9.112472
52.192654,9.788339
51.99838,-0.0072151925
51.998714,-0.009615352
52.003857,-0.012081316
51.963806,0.09287197
52.219948,9.89739
51.675842,1.6422507
51.842983,0.44987017
51.895416,0.282636
51.944305,0.15573986
52.186455,9.759176
51.928448,0.20866211
52.213345,9.860058
52.14707,9.597079
51.99861,-0.008781841
52.001865,-0.010765007
52.012268,8.856733
52.212036,9.871145
51.65615,2.2753644
51.792397,0.6518133
51.915432,0.22336204
52.206806,9.830631
52.153805,9.625555
51.98045,8.5949545
52.193893,9.79157
51.994682,-0.005170038
52.000057,-0.0076100137
52.00293,-0.009796074
51.78743,5.6754303
52.21619,9.8810625
51.66404,1.9051845
51.77521,0.7321933
51.922047,0.1975642
51.94932,0.13830693
52.12324,9.537076
52.14786,9.607231
52.061005,9.187805
52.204174,9.830138
52.000656,-0.009677818
52.002277,-0.008892706
52.0045,-0.007244995
52.211086,9.86941
51.68661,1.4335167
51.831287,0.49063998
51.927658,0.18497546
51.912685,0.22266848
52.21447,9.863353
52.141285,9.575567
52.03509,9.012445
52.196445,9.800475
51.996746,-0.0063418653
52.00394,-0.0093323495
52.005283,-0.007864883
52.216637,9.890238
51.69847,1.3239728
51.81223,0.5734363
51.85827,0.402484
51.935158,0.17894895
52.21979,9.873665
52.148895,9.611829
52.069668,9.238628
52.197353,9.803201
52.04955,9.070954
52.193386,9.793655
52.03699,8.985835
52.180607,9.735195
51.99488,-0.007823875
51.99821,-0.009562423
52.00484,-0.012970855
52.131268,9.550951
52.21269,9.872854
51.67368,1.6296445
51.856342,0.39030677
51.92439,0.19323452
51.935444,0.17008431
52.212082,9.842423
52.14849,9.612192
52.072613,9.243475
52.19893,9.8061075
51.998524,-0.008646181
52.00187,-0.009386471
51.99776,0.016043732
52.209934,9.859408
51.677757,1.6007017
51.819168,0.529594
51.94844,0.13591559
51.786224,5.8779974
52.157246,9.651488
52.004475,-0.016431263
52.00614,-0.015552213
52.00672,-0.0066553857
52.21399,9.882437
51.67954,1.5804778
51.7914,0.6647056
51.90364,0.2570861
51.872337,0.35033828
52.151825,9.630362
52.04841,9.136908
52.208817,9.845787
52.09743,9.373593
52.19583,9.801248
52.011806,8.831394
52.190533,9.773477
52.074024,9.233895
52.19162,9.782723
52.064346,9.164412
52.190804,9.779958
52.078583,9.252502
52.189823,9.771942
51.991898,8.6461935
52.187836,9.762416
52.01512,8.836932
52.18891,9.766471
52.020897,8.873574
52.194393,9.790634
52.008766,8.778573
52.186493,9.755528
51.999104,-0.00827091
51.99977,-0.009580305
52.00431,-0.011180809
52.018223,8.92488
52.21212,9.872056
51.65844,2.041278
51.826344,0.4972375
51.921585,0.19658525
51.935383,0.16733535
52.195,9.781053
52.145374,9.59886
52.000423,-0.0138007905
52.002617,-0.012525013
52.208397,9.859381
51.65808,2.141942
51.814407,0.5613983
52.055172,9.204447
52.085827,9.317962
52.025246,8.995869
52.202778,9.816438
52.000015,-0.011302641
51.967625,0.07949454
52.207016,9.844308
51.82603,0.4996341
51.828434,0.5090535
52.184948,9.742094
52.119343,9.473362
52.00449,-0.015161684
52.00537,-0.013676336
52.004425,-0.012185028
51.704403,1.1885891
52.215443,9.881557
51.68609,1.4654593
51.862484,0.37542444
51.895504,0.275523
51.966747,0.102086134
51.96458,8.774604
52.135185,9.560281
52.00199,-0.01587074
52.002792,-0.014979532
52.00408,-0.013896873
51.66058,2.905348
52.217243,9.894314
51.672802,1.6831852
51.888855,0.28992134
51.898838,0.2590981
51.955097,0.123159714
52.143993,9.6145935
52.13898,9.574727
52.000977,-0.014564922
52.003666,-0.014345339
52.00606,-0.009620836
52.214924,9.8897295
51.665108,1.8719403
51.850796,0.4276548
52.139053,9.56863
51.916866,0.21340878
51.94455,0.16283424
52.21088,9.847666
52.140434,9.567885
51.995525,8.729144
52.189205,9.766825
51.995457,-0.0044678953
52.001087,-0.008281162
52.00269,-0.010970524
51.98467,0.049234934
52.216866,9.888385
51.699055,1.2941251
51.82092,0.520197
51.91137,0.23034222
51.95459,0.12404854
52.00487,0.03288562
52.21278,9.850845
52.141315,9.579562
51.976444,8.552399
52.188854,9.7684145
51.99404,-0.006903341
51.999546,-0.0080382135
52.111122,9.437501
52.206917,9.849635
51.660732,2.0218258
51.810215,0.5751539
51.70125,1.3028647
52.102444,9.402492
52.004875,-0.016760042
52.00539,-0.016158035
52.005936,-0.014479807
52.038475,9.088003
52.21778,9.89641
51.663197,1.9154208
51.82455,0.5102299
51.902637,0.25167567
51.93883,0.16536982
52.176365,9.716881
52.12853,9.529653
51.986805,8.670347
52.1973,9.797836
52.032352,8.970752
52.19266,9.783029
51.999336,-0.008657148
52.00069,-0.009782961
52.0058,-0.01147454
52.21279,9.8679905
51.66439,1.8662641
51.858227,0.39565307
52.11934,9.481861
51.886158,0.29440147
51.987663,0.06559951
52.21199,9.85165
52.148052,9.600072
52.001507,-0.013745477
52.001526,-0.011871031
51.893818,7.5654693
52.21133,9.871259
51.678787,1.566281
51.782845,0.6948634
51.929733,0.18061812
52.196354,9.787774
52.14128,9.580556
51.993244,8.719172
52.188286,9.762609
52.044502,9.013539
52.194847,9.79599
52.031017,8.953879
52.185623,9.756055
52.05524,9.09952
52.187756,9.7655
51.996788,-0.0065500047
51.998966,-0.0073627736
51.94722,8.272714
52.20539,9.849925
51.663036,1.9102285
51.829044,0.49085456
52.098183,9.377976
51.89769,0.25944406
52.211372,9.848902
52.143784,9.580828
52.05325,9.092234
52.191692,9.7763195
51.996323,-0.00669997
52.00207,-0.008279255
51.88167,0.2926045
52.210213,9.855752
51.660557,1.9952484
51.82605,0.51347214
51.932583,0.18092807
52.12942,9.537059
52.153873,9.635584
52.002426,8.838662
52.20312,9.825737
52.067318,9.194219
52.19334,9.786063
52.0376,8.987969
52.18944,9.770775
52.04847,9.066355
52.18719,9.759038
51.99721,-0.0053686406
51.997307,-0.0075408723
51.718956,1.0351691
52.20841,9.866978
51.664303,1.8711249
51.80308,0.5936795
51.938824,0.16326912
52.093243,9.354733
52.197998,9.793331
52.0408,9.078772
52.199963,9.808767
52.012714,8.82156
52.1921,9.783716
51.97559,8.498599
52.19272,9.784943
52.056583,9.130626
52.18982,9.772016
51.99895,-0.008227756
51.999588,-0.010512998
52.003624,0.0028300975
52.21128,9.862065
51.654583,2.480811
51.769432,0.77817136
51.893555,0.27933484
51.661312,2.1030462
52.171406,9.698137
52.063923,9.212923
52.19825,9.798391
52.020718,8.904838
52.196575,9.799583
52.070248,9.208385
52.197132,9.804712
52.069332,9.201131
52.18521,9.750046
52.01566,8.830989
52.189903,9.77353
51.99885,-0.0077552106
52.001034,-0.009738615
51.673527,3.2707613
52.208305,9.850284
51.72793,1.0557307
51.831635,0.49185354
51.87887,0.3309284
52.186134,9.747004
52.145184,9.590412
52.00097,-0.012700489
52.002144,-0.012253216
51.955837,0.10109145
52.21349,9.879454
51.654427,2.331444
51.798737,0.62456304
51.900803,0.26478606
51.97886,8.712587
52.14479,9.601163
52.009624,8.898222
52.202652,9.821359
52.098152,9.354387
52.195103,9.802801
52.051712,9.053805
52.189034,9.777394
51.995586,-0.006347349
51.945198,0.12173516
52.204197,9.833076
51.75725,0.82019
51.893353,0.2885986
52.19302,9.77758
52.098034,9.370838
52.03517,9.031775
52.193363,9.782184
51.996204,-0.0064040925
52.001057,-0.007821729
52.004314,-0.01172488
51.660816,1.8774823
52.219635,9.9007
51.705276,1.237883
51.825287,0.5114451
51.878845,0.32443696
51.94957,0.1404496
52.047104,9.223312
52.1532,9.629973
52.00079,8.792981
52.20013,9.808744
52.04626,9.062487
52.194263,9.794281
51.998417,-0.007955244
51.946983,0.118102856
52.20557,9.844515
51.74073,0.9156633
52.193184,9.77665
51.82263,0.51150495
52.095047,9.355352
51.998936,-0.013387373
52.000732,-0.011899879
51.970413,0.08424432
52.21361,9.889754
51.65587,2.410773
51.82094,0.5345145
51.94284,0.15437777
52.123535,9.518138
52.17512,9.715804
52.004395,-0.01502054
52.001934,-0.012885263
52.20992,9.862381
51.682926,1.5033735
51.839603,0.46699744
51.778606,5.951613
52.098755,9.394387
52.095913,9.39502
52.208385,9.845093
52.083435,9.281273
52.198154,9.81792
52.058205,9.111793
52.188614,9.766112
51.998417,-0.009349516
52.000412,-0.011022499
52.005493,-0.012783935
51.925262,0.1846319
52.223812,9.916026
51.682835,1.5256424
51.80937,0.5872591
51.92559,0.19696124
51.965485,0.10210211
51.97107,0.110267945
52.14147,9.592801
52.001186,8.816954
52.206783,9.839416
52.088593,9.315596
52.194344,9.800607
51.997448,-0.0066849496
51.997696,-0.008792093
52.003006,-0.010851314
51.658066,2.7599494
52.21547,9.877781
51.661324,1.9638374
51.80928,0.5782228
51.913685,0.22636087
51.959904,0.11689479
51.97216,8.798658
52.119625,9.50679
51.98015,8.641136
52.202347,9.821296
51.999023,-0.009387186
51.74423,0.8464182
52.205265,9.848757
51.727062,1.0018622
51.81396,0.54800826
52.199986,9.810105
52.123417,9.4840355
51.965824,8.465875
52.188065,9.759734
51.99464,-0.004734447
52.000965,-0.0064307954
52.09842,9.37519
52.208134,9.868064
51.68132,1.5235242
51.843403,0.4326027
51.66419,1.9207281
52.086063,9.328065
52.00334,-0.016611746
52.005054,-0.016642978
52.005573,-0.013188055
52.217205,9.893742
51.65656,2.198167
51.863674,0.39108926
51.951275,0.13736923
51.95199,0.1401716
52.215508,9.85273
52.163452,9.666743
52.062443,9.1855
52.195347,9.79267
52.05905,9.107289
52.19332,9.791888
52.051422,9.089079
52.1824,9.740442
52.06418,9.162866
52.19296,9.790659
52.084248,9.275587
52.18589,9.756849
52.07569,9.224416
52.191048,9.779758
52.05794,9.129521
52.18911,9.771908
52.010002,8.798994
52.187298,9.758241
52.004288,8.7422905
52.18108,9.730462
51.998695,-0.008799007
51.999966,-0.009854248
51.986794,8.672503
52.21062,9.870286
51.658527,2.1247876
51.80174,0.6029845
51.900562,0.2564836
52.20273,9.814004
52.14272,9.581227
52.021275,8.92815
52.189743,9.770528
52.010838,8.782465
52.19701,9.81023
51.997902,-0.007177284
51.999256,-0.008387258
52.002266,-0.008850267
51.69652,1.2611747
52.215595,9.890728
51.66262,1.9049948
51.790947,0.6582113
51.86383,0.36744815
51.934246,0.1741081
51.804756,6.6710224
52.157703,9.646063
51.98262,8.629692
52.198242,9.8066635
51.998203,-0.008931568
52.00116,-0.009559086
51.765408,0.7418185
52.21264,9.884813
51.657547,2.129432
51.821,0.5247691
51.913563,0.22401269
52.173477,9.698782
52.126427,9.5128
52.00309,-0.015230825
52.00283,-0.013480356
52.00432,-0.011568954
52.10254,9.417963
52.217487,9.891245
51.69655,1.3277669
51.763966,0.79914695
51.85311,0.40605408
51.94979,0.14286502
52.20559,9.814805
52.15548,9.633063
52.03572,9.023317
52.193638,9.783752
51.998222,-0.008523634
52.00026,-0.0082489755
51.930172,8.1836815
52.21073,9.864526
51.66063,2.0059414
51.837383,0.46588713
51.8809,0.31297833
52.200146,9.803275
52.159637,9.648392
52.00704,8.806274
52.194164,9.7908945
51.995975,-0.007418325
52.000317,-0.008062771
52.004574,-0.010105541
51.86842,0.3424626
52.21712,9.893886
51.65538,2.3153036
51.777863,0.72814304
51.90033,0.26105124
51.91269,0.2245136
51.692158,1.4489232
52.157383,9.646453
52.02263,8.9428425
52.198666,9.801384
52.000877,-0.010146072
52.001263,-0.009090355
51.762547,5.2095385
52.209602,9.855586
51.71151,1.1841353
51.782986,0.6946061
51.900124,0.2633925
52.19719,9.788188
52.14966,9.6092205
52.002514,-0.0131537225
51.814297,0.5067714
52.20302,9.84408
51.672756,1.6756433
51.805332,0.590375
52.201332,9.813158
52.11123,9.423488
52.00458,-0.013339212
52.001602,-0.012375047
51.966293,0.082453795
52.218967,9.898919
51.66103,2.0206244
51.78451,0.7048386
51.894985,0.28020078
51.99718,8.873836
52.172234,9.707806
52.00656,8.883873
52.204895,9.82978
52.11597,9.457958
52.19704,9.812448
51.99684,-0.0066403653
51.999397,-0.0096530225
52.003067,-0.011177948
51.706783,4.082736
52.21513,9.883797
51.66944,1.7461253
51.825794,0.51081663
51.907227,0.24549039
51.9287,0.19671448
52.121952,9.546112
52.1724,9.70484
52.058334,9.191769
52.20366,9.82541
52.055077,9.128097
52.198357,9.813541
52.057697,9.126373
52.196186,9.807002
52.037754,8.9983425
52.191475,9.781455
51.998642,-0.0067354944
52.0006,-0.010069301
51.733326,4.6367035
52.206326,9.845369
51.667183,1.7804602
51.859123,0.38306123
51.91895,0.20260985
52.17992,9.722344
52.132133,9.532836
51.99921,-0.012264183
52.000633,-0.012123754
52.00224,-0.0107774045
52.11636,9.481184
52.2164,9.89099
52.210674,9.864595
51.719067,1.0938412
51.841465,0.42653352
51.910942,0.22517546
51.96225,0.10780246
52.198418,9.788709
52.124786,9.51008
52.068165,9.21165
52.19838,9.804921
51.99542,-0.00800865
52.003162,-0.0097350385
52.00392,-0.0009371545
52.209793,9.861339
51.67107,1.7222481
51.81596,0.55428725
51.918903,0.21784933
51.771324,0.77660733
52.15349,9.636581
52.003975,-0.016610792
52.004284,-0.015348842
52.005283,-0.014969995
52.211517,9.865846
51.683887,1.4622428
51.852955,0.4105206
51.955803,0.1257158
51.95717,0.120638914
52.212395,9.849378
52.13197,9.539929
52.007515,8.842736
52.19823,9.806912
52.03459,8.95193
52.19266,9.789993
51.99721,-0.006378105
51.99984,-0.0071081426
52.004593,-0.009715965
51.99067,8.742664
52.2185,9.896707
51.664654,1.8687507
51.8135,0.5577181
51.895596,0.2686494
51.9196,0.2157634
52.198418,9.792099
52.178158,9.72627
52.057674,9.170874
52.196445,9.790991
52.087246,9.2983465
52.191044,9.778744
52.022156,8.880351
52.188686,9.772926
52.055832,9.115037
52.194244,9.79327
52.089993,9.313589
52.19586,9.802431
52.080303,9.2566805
52.190132,9.774424
52.04403,9.025901
52.187084,9.759473
52.06121,9.137916
52.19133,9.782953
52.083054,9.27382
52.193172,9.787348
51.99729,-0.006448677
52.00019,-0.00944536
52.004707,-0.01056855
51.982956,0.05268032
52.217762,9.8917465
51.67137,1.7099155
51.781784,0.7155879
51.910847,0.23679717
51.944183,0.1515785
52.15518,9.647578
51.991386,0.05814726
52.20874,9.8361435
52.14113,9.573488
51.999386,-0.010578802
52.00082,-0.012684515
51.933838,8.146317
52.211914,9.877312
51.690704,1.4122726
51.79711,0.62459856
51.867645,0.35387045
52.19875,9.800655
52.149467,9.60632
52.000717,-0.011680057
52.001053,-0.011298826
52.001957,-0.00912421
51.65637,2.1034634
52.21588,9.886479
51.67883,1.575013
51.842167,0.44949752
51.93267,0.17787988
51.952858,0.13447936
52.03864,9.182124
52.16557,9.680367
52.001163,-0.015175989
52.00043,-0.013405016
52.003536,-0.0100425985
52.213955,9.879522
51.65617,2.1218343
51.787453,0.6687351
51.89167,0.28454238
51.895916,0.280613
52.150772,9.626429
52.00481,-0.017246177
52.00518,-0.016584089
52.00863,-0.014924696
52.212406,9.867135
51.696438,1.3348149
51.87012,0.35625297
51.904972,0.24800713
51.94821,0.13830598
52.142788,9.591899
52.00624,8.829704
52.20807,9.85324
52.089825,9.332491
52.19982,9.823692
52.081356,9.252007
52.19326,9.78999
51.9983,-0.008307865
51.99879,-0.010465076
52.123573,9.502039
52.209835,9.866112
51.666744,1.8044815
51.823547,0.5119129
51.660187,2.063977
52.127613,9.514409
51.98964,8.736524
52.200733,9.809316
52.030987,8.965101
52.19153,9.7840805
52.012787,8.813493
52.188942,9.768052
52.010616,8.804678
52.196083,9.804721
52.083748,9.290417
52.194878,9.796552
52.069935,9.197376
52.19547,9.803106
52.061226,9.137798
52.19026,9.776035
52.01997,8.873103
52.190742,9.773846
52.019524,8.873498
52.185783,9.752475
52.035915,8.98745
52.191242,9.774128
52.000935,-0.009268692
52.00161,-0.010928085
52.004036,-0.007851055
52.2124,9.870432
51.673065,1.6651486
51.82676,0.5094684
51.898804,0.2722531
51.9208,0.21333392
52.22021,9.874253
52.148685,9.607298
52.024445,8.942723
52.192993,9.786664
52.034626,8.941411
52.193325,9.796178
51.99635,-0.0063492563
51.998135,0.00015933253
52.204086,9.8346
51.792988,0.62192637
51.850906,0.41196138
52.104053,9.429026
52.093502,9.341557
52.05197,9.129883
52.199566,9.805013
51.99993,-0.008414438
52.001167,-0.008390119
52.004375,-0.011184147
51.919407,0.19526203
52.217907,9.886205
52.211594,9.859798
51.68722,1.4446499
51.88163,0.30791885
51.89981,0.26413614
51.925385,0.20474727
51.922623,0.2368327
52.154854,9.643299
51.902504,7.864666
52.201206,9.807152
52.065292,9.192826
52.196827,9.805257
52.008537,8.798984
52.18683,9.758726
52.041187,9.023058
52.189354,9.771801
52.053604,9.099938
52.18981,9.778186
51.997074,-0.0066170003
51.999428,-0.009742668
52.013283,8.896405
52.209938,9.866105
51.659134,2.0358841
51.853348,0.4080599
51.91089,0.23045214
52.205574,9.824479
52.13599,9.554826
52.01843,8.919536
52.192318,9.779148
51.996918,-0.0087188985
51.939693,0.13734515
52.20698,9.849363
51.732975,0.98651654
51.857304,0.4013248
52.19472,9.779471
52.099983,9.380065
52.063137,9.1924305
52.19766,9.808278
52.04449,9.020115
52.19491,9.801417
51.996323,-0.0067548063
51.999596,-0.008114746
52.00546,-0.011305502
51.661552,2.9889095
52.215767,9.8879595
51.669426,1.7386676
51.870163,0.3516267
51.905674,0.24504288
51.94862,0.138424
52.08474,9.391425
52.153996,9.633586
51.980476,8.645124
52.200657,9.819141
51.99901,-0.010414531
52.0008,-0.009855678
52.00419,-0.012440136
51.99258,0.03145153
52.218746,9.892697
51.661026,1.9893843
51.786602,0.6808391
51.848846,0.42376953
51.944622,0.14893754
52.013134,0.01883156
52.217255,9.867168
52.118526,9.481811
52.003178,-0.01413863
52.005436,-0.00833123
52.20773,9.853624
51.687645,1.4447858
51.829803,0.5050934
52.0105,8.940953
52.113365,9.452721
52.083664,9.317321
52.201134,9.815745
52.037384,9.009801
52.19241,9.78261
52.013172,8.811862
52.181747,9.737464
51.997482,-0.007919004
51.998188,-0.009941986
52.00355,-0.010124138
52.21075,9.86383
51.70224,1.2819794
51.82582,0.52022415
51.921333,0.20961483
51.941895,0.1585625
52.218624,9.870668
52.14368,9.582664
51.977055,8.551551
52.198895,9.80744
52.05774,9.131713
52.19916,9.819971
52.0553,9.117161
52.19319,9.791005
52.00285,8.723831
52.18315,9.7441635
52.02204,8.884099
52.18878,9.771669
52.0556,9.106032
52.186897,9.760798
51.9973,-0.0069731977
51.99855,-0.008445194
52.003605,-0.009947469
51.84297,0.41686732
52.21752,9.890208
51.681458,1.5394313
51.82882,0.49719507
51.860226,0.38260752
51.91595,0.22183879
51.734123,1.0617626
52.1785,9.728515
52.02165,8.981218
52.20697,9.834564
52.003754,-0.00860708
52.002262,-0.0091215875
52.000137,8.787736
52.203434,9.836151
51.67116,1.6724659
51.833244,0.47150522
51.884468,0.304668
52.078213,9.276849
52.037926,9.082162
52.205532,9.833882
52.002728,-0.009332111
52.00109,-0.007997444
52.00391,-0.0106384065
51.75129,0.83619934
52.216743,9.890758
51.68028,1.52803
51.880234,0.32594186
51.918606,0.21689685
51.943638,0.15916808
51.857536,7.8306656
52.16809,9.69471
52.00476,8.878009
52.19809,9.798111
52.000805,-0.011247089
52.001186,-0.0092708375
52.003613,-0.0125066545
52.049202,9.143168
52.21426,9.88038
51.683117,1.4942077
51.84915,0.4115997
51.960377,0.10447914
51.955086,0.12175781
52.207882,9.826955
52.147266,9.601899
51.998985,8.77756
52.20047,9.818357
52.04132,9.00311
52.196495,9.808412
52.04354,9.028744
52.18798,9.764194
52.047142,9.0632
52.1924,9.783505
52.06157,9.144849
52.18693,9.762831
51.996525,8.638643
52.18444,9.750735
52.06482,9.157228
52.184727,9.751908
52.078323,9.2378025
52.193077,9.793183
52.09582,9.336352
52.190014,9.781206
52.06309,9.144296
52.188084,9.766843
52.07073,9.186553
52.188114,9.772476
51.99579,-0.0053240564
51.996597,-0.007109573
51.688576,1.3273438
52.204384,9.847024
51.668163,1.7987987
51.851295,0.41532284
51.922527,0.20099242
52.166695,9.675788
52.141453,9.587081
52.158554,9.647916
51.98852,8.609958
52.19228,9.793911
51.999035,-0.0051254537
52.000572,-0.00811713
52.004135,-0.01075094
52.059605,9.200526
52.214027,9.878029
51.719486,1.1172935
51.84374,0.4402488
51.936222,0.16643079
51.97235,0.088710375
52.20304,9.8080845
52.148426,9.611465
52.001472,-0.014453581
52.002777,-0.013573578
51.67297,1.5687846
52.212807,9.876104
51.654892,2.3148782
51.864483,0.37539822
51.89054,0.296171
52.172142,9.700632
52.14973,9.619462
52.06772,9.23817
52.200214,9.818148
52.089535,9.305289
52.194534,9.799321
51.997196,-0.007244995
51.997826,-0.008456638
52.00488,-0.010960272
51.65497,2.5853913
52.2196,9.902509
51.658863,2.1216712
51.80239,0.60760385
51.9181,0.21576579
51.93609,0.1767431
51.970165,8.816776
52.162735,9.672342
52.076553,9.29599
52.201023,9.815121
52.05598,9.134119
52.18908,9.772531
52.068825,9.186544
52.19257,9.784859
52.034237,8.959034
52.185013,9.749874
52.03526,8.972765
52.190987,9.780808
52.050495,9.067254
52.191063,9.784244
52.027946,8.889818
52.189278,9.7728615
52.07242,9.206904
52.190388,9.777167
52.006756,8.780183
52.18315,9.7425585
52.03387,8.962999
52.184856,9.753247
51.999268,-0.008299759
51.998596,-0.010505607
52.00331,-0.011937549
52.088505,9.353173
52.217964,9.884035
51.700058,1.3144355
51.84974,0.42271453
51.93925,0.1622184
51.92993,0.18593557
52.211346,9.841558
52.130997,9.537523
52.001938,-0.013544729
52.00148,-0.012831142
51.958202,8.43129
52.21064,9.867055
51.661327,2.0079348
51.797512,0.63374907
51.91038,0.2330242
52.199764,9.804443
52.13988,9.575439
52.005642,8.803272
52.190266,9.773929
51.978813,8.456993
52.18886,9.770431
52.046314,9.043813
52.1858,9.755388
52.07348,9.226847
52.18761,9.765351
52.061485,9.150618
52.188873,9.77108
52.043938,9.017012
52.189774,9.7772665
52.033215,8.936716
52.185173,9.753474
51.99531,-0.0070487764
51.996773,-0.008254936
52.003826,-0.011851957
51.837704,0.43527538
52.216816,9.879194
51.675728,1.6048769
51.79013,0.66436726
51.91546,0.22144897
51.93912,0.16771753
51.719288,1.1961533
52.132626,9.553825
52.017838,8.952596
52.203808,9.823628
52.071007,9.23329
52.18809,9.765591
51.99737,-0.008253505
52.00041,-0.0030693319
52.211105,9.864716
51.733295,0.98272353
51.803207,0.6151574
52.094707,9.3981
52.091377,9.333792
52.01469,8.8804455
52.199463,9.810761
52.042755,9.014746
52.195522,9.8032055
52.049477,9.044632
52.190765,9.7823925
52.040253,9.000708
52.187157,9.761539
52.056206,9.092824
52.18516,9.752423
51.998245,-0.0077738073
51.998936,-0.009513786
52.0217,8.948293
52.207897,9.857765
51.65636,2.645187
51.78419,0.6818059
51.897064,0.2603596
52.20008,9.800288
52.139374,9.56831
51.99697,8.732836
52.189323,9.766527
52.02807,8.916735
52.195827,9.802278
52.020855,8.877508
52.188503,9.767371
52.082016,9.267031
52.186527,9.758143
51.998726,-0.007209709
52.00029,-0.010070732
52.0048,-0.01145952
51.988464,0.04167659
52.219856,9.893723
51.677094,1.6040895
51.83375,0.48020107
51.915615,0.21969087
51.95618,0.12636049
52.007263,0.030807087
52.218254,9.87829
52.14997,9.611693
52.001537,-0.0115725305
52.00069,-0.010456255
52.001205,-0.0070807245
51.875126,7.342253
52.216423,9.890092
51.656612,2.1553066
51.819073,0.5351909
51.917393,0.21184738
51.92214,0.20642765
52.17069,9.701797
52.16113,9.659197
51.999943,-0.014747312
52.000946,-0.013867309
52.00408,-0.012836626
51.87849,0.30714542
52.216217,9.883499
51.65824,2.1299708
51.79475,0.6481338
51.917522,0.22369154
51.935505,0.17735966
51.703453,1.3649682
52.16178,9.670722
52.079346,9.305167
52.20948,9.849249
52.0698,9.210037
52.197582,9.810498
52.048786,9.055431
52.189354,9.771246
51.998093,-0.0073553827
51.999634,-0.009558132
52.123367,9.502119
52.209713,9.863763
51.66082,1.9879069
51.853313,0.40651423
51.68061,3.5754528
52.13003,9.52237
51.97847,8.613794
52.199673,9.8058815
52.03233,8.972407
52.19691,9.811056
51.998405,-0.008142641
51.99996,-0.010627439
51.874443,0.3107143
52.206512,9.846731
51.72152,1.0854218
51.85804,0.38763577
51.947002,0.14052494
52.112564,9.465474
52.16974,9.693542
52.081528,9.301594
52.20086,9.817025
52.00011,-0.008062771
52.001408,-0.009137323
52.004776,-0.011238268
52.058037,9.197069
52.217052,9.887465
51.657722,2.1464305
51.77657,0.7238253
51.90512,0.2427748
52.18554,9.745749
51.9074,0.257479
52.131847,9.53341
51.975628,8.544577
52.19353,9.783101
52.000782,-0.008852413
52.00176,-0.008717468
52.004154,-0.010166576
51.662148,1.8602438
52.21593,9.886013
52.210674,9.869868
51.724064,1.0353392
51.84878,0.39810306
51.94908,0.12451226
51.849876,7.0423217
51.99083,0.060739823
52.114143,9.464797
52.032036,9.023386
52.206947,9.843295
52.059086,9.155327
52.196568,9.806094
52.049923,9.068442
52.19207,9.784092
52.05569,9.124545
52.189762,9.76993
51.998737,-0.008722952
51.90193,0.2310787
52.20787,9.8537
51.774334,0.73433834
51.82504,0.52336365
52.202827,9.817741
52.12909,9.516606
52.05022,9.107091
52.19936,9.810557
52.037888,8.984997
52.198658,9.821247
52.05157,9.090982
52.18927,9.76902
51.997986,-0.008908441
51.999584,-0.009720733
52.00473,-0.0032827165
52.21312,9.872615
51.69674,1.3305416
51.83231,0.4893909
52.11799,9.478582
51.77763,0.70375854
51.995853,0.044791527
52.16207,9.663579
52.00921,8.832427
52.20465,9.825047
52.002907,-0.010493925
51.915745,0.19502027
52.20244,9.827485
51.757717,0.8172558
51.864216,0.37011367
52.196934,9.795033
52.118355,9.465653
52.073845,9.2572
52.201233,9.823176
52.036865,8.97217
52.19595,9.806224
52.070198,9.198236
52.191425,9.783398
52.03676,8.976103
52.18828,9.769898
51.993217,8.662861
52.180763,9.733335
52.022125,8.900925
52.187557,9.760941
52.060753,9.146102
52.191048,9.779743
52.00015,-0.0087804105
52.00037,-0.009461096
51.886024,7.4842196
52.20568,9.840861
51.682617,1.5190889
51.839058,0.45425922
51.90848,0.23649557
52.192287,9.769911
52.15377,9.627822
52.001686,-0.013566425
52.001904,-0.012354543
51.92816,8.108871
52.211517,9.8688345
51.70131,1.2725909
51.867706,0.35824972
51.919605,0.20796116
52.202904,9.811242
52.167522,9.684297
52.001587,-0.012590816
52.00139,-0.01138418
52.001476,-0.008224418
52.15999,9.660834
52.214058,9.884374
51.671192,1.6962456
51.821564,0.51386195
51.940243,0.15741093
51.911766,0.23215254
52.215977,9.860661
52.135853,9.548025
52.03755,9.008378
52.18855,9.763808
52.053936,9.077734
52.195984,9.800068
51.99896,-0.0077163484
51.999386,-0.010598591
51.68825,1.3264037
52.208393,9.850123
51.66802,1.7534958
51.840164,0.44661027
51.91531,0.2163287
52.169147,9.686133
52.150875,9.62172
52.051807,9.137821
52.20272,9.826023
52.064365,9.161867
52.19492,9.798151
51.997234,-0.0072032716
51.99783,-0.008793762
52.00328,-0.009964397
51.80911,6.092768
52.21711,9.892159
51.658585,2.1199548
51.83751,0.46399003
51.88572,0.30888134
51.938286,0.16919596
52.138405,9.591381
52.156303,9.642454
52.004143,-0.015716245
52.003147,-0.014486482
52.0055,-0.012853077
51.95169,0.12163455
52.220478,9.89697
51.655907,2.4450889
51.774715,0.73905164
51.90927,0.23498948
51.822388,0.5150371
51.980556,0.08277089
52.147633,9.608443
52.143208,9.583943
52.05674,9.131499
52.202293,9.825604
51.99826,-0.0038825776
51.998028,-0.006934097
51.98642,0.038120337
52.20707,9.847114
51.664867,1.8598881
51.83451,0.48534876
52.101086,9.408008
51.8843,0.30323774
51.945717,8.553152
52.167435,9.68792
52.056484,9.136352
52.203827,9.8268385
52.10334,9.383116
52.190506,9.781025
51.996895,-0.0074362066
51.9995,-0.00821965
52.000805,-0.0091625955
51.954685,0.10818059
52.216225,9.897185
51.66908,1.7646627
51.840584,0.44947654
51.90861,0.23791154
51.967724,0.094366856
52.00361,0.033892937
52.21337,9.85022
52.133015,9.542797
51.9913,8.715059
52.19359,9.787314
52.05427,9.086562
52.196896,9.8135
51.99562,-0.008167198
51.999107,-0.009220054
52.207554,9.84928
51.71851,1.1151373
51.82644,0.5248776
51.878597,7.7080746
52.097847,9.380883
51.986435,8.718789
52.20332,9.825031
52.000553,-0.009052923
51.999763,-0.007675102
52.002136,-0.009073665
52.021667,8.969918
52.213833,9.877494
51.67064,1.7166587
51.817833,0.5374854
51.886887,0.30223924
51.90853,0.24205
52.2041,9.807368
52.155434,9.63326
52.00274,-0.014309814
52.005283,-0.009240558
52.207794,9.854579
52.132755,9.547573
51.783463,0.69485337
51.906357,0.24318369
52.101486,9.393664
52.001003,-0.014666488
52.004192,-0.015493086
52.12446,9.513829
52.208504,9.849062
51.672062,1.6716956
51.776646,0.7237845
52.104527,9.409003
51.768646,0.76120716
51.978817,8.701598
52.20547,9.829339
52.002674,-0.010552099
52.002357,-0.011958053
52.00375,-0.011111906
52.00885,8.880044
52.212605,9.870739
51.69696,1.3227651
51.88306,0.30496126
51.93191,0.17014201
51.955006,0.12248976
52.202435,9.805737
52.15127,9.618138
52.03931,9.038144
52.194183,9.785468
52.057076,9.114665
52.19219,9.784059
51.99756,-0.005809715
51.995426,0.008462736
52.205654,9.8417845
51.780506,0.6893237
51.844006,0.44292384
52.114033,9.475835
52.127342,9.508651
52.00257,-0.014507702
52.00406,-0.01456373
52.005104,-0.013961485
51.88932,7.6178765
52.21515,9.883199
51.684536,1.4709164
51.860394,0.3798929
51.913475,0.22326119
51.955402,0.123626776
52.17414,9.712148
52.136047,9.563587
52.0141,8.901069
52.198116,9.803234
52.05055,9.082327
52.193726,9.789524
52.045673,9.032997
52.180664,9.729669
51.997772,-0.007819584
52.000397,-0.009583643
52.00329,-0.011584213
51.87685,7.4098015
52.217064,9.884056
51.67833,1.576414
51.87184,0.34471852
51.918236,0.21806557
51.95878,0.11978275
52.18916,9.760745
52.174088,9.709233
52.022808,8.953996
52.203533,9.828999
52.000034,-0.00735729
52.001083,-0.0075580385
52.20785,9.852516
51.77034,0.74434716
51.77803,0.7214168
51.905434,7.9540257
52.12292,9.485938
52.001022,-0.015182188
52.003696,-0.014719894
52.00429,-0.013781002
51.80426,6.065079
52.217766,9.888371
51.682602,1.5333937
51.775246,0.74060875
51.90719,0.24070676
51.946003,0.14863046
52.088028,9.392655
52.152737,9.630151
52.149017,9.604799
52.018345,8.883317
52.19787,9.810121
52.068233,9.189399
52.19576,9.800098
51.998238,-0.009063175
52.00073,-0.010938337
52.005547,-0.011784008
52.108967,9.45558
52.218056,9.895817
51.6541,2.4693067
51.859924,0.38801938
51.941193,0.15778764
51.949886,0.14039738
52.215332,9.851818
52.166916,9.683445
52.035942,9.045517
52.200077,9.813317
51.997505,-0.0074748304
52.00247,-0.008809259
52.004955,-0.011185577
51.685043,1.4222952
52.22026,9.898442
51.67026,1.7593104
51.790016,0.67274314
51.93683,0.16950591
51.94496,0.15635403
51.970623,8.82394
52.16676,9.687298
52.00775,8.891066
52.20075,9.809018
52.087135,9.313748
52.19752,9.81035
52.06429,9.169689
52.190166,9.7724495
52.034912,8.972192
52.184532,9.74669
52.039955,9.000726
52.18348,9.746518
52.052834,9.080734
52.18981,9.777375
51.99613,-0.007116964
51.996216,-0.0084955
51.952038,8.367916
52.21203,9.872308
51.655903,2.578724
51.83092,0.4934221
51.910126,0.23304255
52.202213,9.811346
52.14089,9.57319
52.000637,-0.013488701
52.001877,-0.012477091
52.00219,-0.010206154
51.94948,0.123937674
52.215237,9.877813
51.678066,1.5649059
51.854218,0.40225655
51.893482,0.27764088
51.952286,0.12555654
51.978554,0.092075415
52.162197,9.664323
52.001015,8.7760515
52.20555,9.833865
52.00349,-0.010668447
52.004135,-0.010131529
52.006603,-0.011330059
51.791473,0.6317094
52.220272,9.897743
51.66148,1.9588509
51.76725,0.7883435
51.909687,0.24025877
51.969353,0.09686787
51.69495,4.294875
52.133465,9.561735
52.074528,9.279955
52.20304,9.825045
51.99961,-0.008879831
52.000607,-0.008686712
52.003986,-0.010923317
51.958214,0.1033271
52.21605,9.888833
51.664402,1.8614707
52.207012,9.837611
51.740337,0.93659407
51.903713,0.24688466
51.94456,0.1543258
51.94489,0.15315612
52.17456,9.7122555
52.00256,8.81033
52.20988,9.86266
52.002804,-0.007310083
51.989826,0.028490374
52.20923,9.864793
51.732903,0.9861472
51.828392,0.50395256
52.17307,9.700632
52.12266,9.485229
52.003357,-0.014468363
52.004063,-0.014016559
52.004887,-0.012692144
51.672432,3.3461297
52.217228,9.889626
51.66778,1.7713001
51.847713,0.42563134
51.934895,0.17177518
51.9579,0.11810572
52.01264,9.039704
52.16334,9.67229
52.00133,-0.014908245
52.00147,-0.014420679
52.004433,-0.014769247
51.841087,0.42344886
52.217808,9.885873
51.689373,1.4040502
51.88277,0.3142677
51.929832,0.1851631
51.9616,0.115037985
51.751186,5.8062973
52.16449,9.678815
52.003464,-0.01636546
52.004143,-0.01606076
52.00601,-0.01600807
52.11393,9.473938
52.216015,9.882556
51.68822,1.4437997
51.88916,0.29170948
51.93751,0.16495569
51.938618,0.16453917
52.198544,9.794973
52.14375,9.592959
52.00224,-0.014617851
52.00395,-0.014756849
51.82422,6.374739
52.21166,9.861861
51.65469,2.4388921
51.862762,0.3781622
51.903145,0.25493008
52.198174,9.794894
52.15928,9.651984
51.974663,8.560739
52.195694,9.803086
52.058643,9.110796
52.19106,9.7833605
52.088177,9.289234
52.18952,9.778454
51.995213,-0.0062970426
51.99695,-0.0074457433
51.689358,3.6886606
52.20709,9.847524
51.657433,2.089648
51.814022,0.5441671
51.913097,0.22204788
52.176624,9.713832
52.15065,9.619798
52.009506,8.845253
52.19558,9.796865
51.996613,-0.006218603
51.892666,0.24747021
52.20654,9.848767
51.77681,0.7037764
51.84046,0.45154482
52.19429,9.779824
52.118385,9.468377
52.07831,9.274961
52.1993,9.810742
51.997826,-0.007383516
51.944572,0.124050684
52.20525,9.847875
51.773296,0.7276934
51.826805,0.50049096
52.187744,9.755351
52.095566,9.355194
51.99392,8.714226
52.192482,9.7790985
52.06674,9.173749
52.19759,9.810233
52.062805,9.14849
52.19344,9.789558
52.08979,9.311777
52.19161,9.78639
51.99795,-0.006750753
51.880486,0.28081065
52.206543,9.8574705
51.769253,0.7375193
51.817455,0.5421043
52.202465,9.815474
52.120575,9.472441
52.000893,-0.013038805
51.919266,0.19033416
52.20479,9.8450365
51.656902,2.335897
51.81119,0.5725644
52.19807,9.799692
52.120785,9.470367
52.012814,8.846692
52.19227,9.782764
51.99737,8.650448
52.19488,9.797965
51.998882,-0.0072910096
51.94648,0.120593615
52.203182,9.834661
52.184723,9.74518
51.76986,0.74093515
51.887836,0.283428
52.047142,9.089589
51.94175,8.21171
52.19795,9.795935
52.01156,8.850654
52.19737,9.810293
51.997875,-0.0075279977
51.99925,-0.009303739
51.99699,0.014577458
52.2125,9.873142
51.658855,2.9955604
51.84294,0.44953495
51.913807,0.2268985
51.6649,1.9596746
52.134197,9.565259
51.973927,8.611288
52.204174,9.823809
52.031982,8.973837
52.194748,9.798762
51.99874,-0.0077368524
51.998146,-0.009788444
52.003914,-0.011399915
51.655647,2.1431441
52.21505,9.873251
51.70259,1.2568028
51.822887,0.51933867
51.925083,0.19158848
51.97917,0.06885583
51.96522,8.712576
52.145927,9.600598
52.001656,-0.014878919
52.00436,-0.015176704
52.004185,-0.013279846
51.71143,1.1056988
52.21673,9.889794
51.67223,1.6756011
51.823853,0.5173047
51.913437,0.2281936
51.95133,0.13548692
51.87191,7.8140526
52.13831,9.572765
52.008965,8.859934
52.19801,9.797247
52.001194,-0.010928085
51.994877,0.016630003
52.208763,9.853815
51.693348,1.3767738
51.81964,0.53642017
52.152817,9.621745
52.126945,9.502253
52.001957,-0.014730146
52.001877,-0.013413599
51.90278,0.235092
52.212273,9.869948
51.661976,1.9463587
51.84741,0.42685395
51.910667,0.23305781
52.11935,9.482308
52.144848,9.592929
52.001102,-0.01470702
52.001556,-0.013125351
51.875607,0.30094296
52.2109,9.871204
51.67255,1.6614861
51.831367,0.4758039
51.920345,0.19504054
52.142967,9.582614
52.1718,9.703365
51.97706,8.574001
52.199814,9.812546
52.07253,9.204477
52.194397,9.803975
51.998493,-0.0059494283
51.998936,-0.008237293
52.003437,-0.010732105
51.99829,8.806981
52.21806,9.89481
51.65763,2.2405565
51.818836,0.52865654
51.863033,0.36673266
51.93707,0.16857035
52.20354,9.809537
52.16116,9.6572
52.051807,9.136649
52.196358,9.795187
52.070984,9.206408
52.192726,9.784111
51.99954,-0.0089854505
52.00115,-0.010054996
52.0681,9.236002
52.20843,9.8639345
51.69734,1.3095297
51.884636,0.30101496
51.69044,1.3804313
52.11756,9.470116
52.016582,8.966558
52.205906,9.830789
52.002323,-0.010056904
52.001015,-0.0077409055
51.92755,8.077261
52.20651,9.844897
51.668205,1.77754
51.848026,0.4259315
52.19565,9.788545
51.86701,0.34958225
52.11678,9.480068
51.96753,8.470427
52.187035,9.758038
52.074623,9.249003
52.195236,9.799362
51.997746,-0.007630041
51.988506,0.027471611
52.207676,9.857018
51.776947,0.7072709
51.79174,0.65910417
52.17096,9.690176
52.113186,9.444371
52.01268,8.873692
52.191963,9.772641
51.998238,-0.00966995
52.002666,-0.01065748
51.861668,0.3535238
52.212128,9.866797
51.691673,1.3934355
51.85395,0.40720707
51.91777,0.21783693
52.14729,9.607227
52.134224,9.556277
52.001404,-0.015000036
52.00226,-0.014686277
51.962017,0.09576113
52.214115,9.876588
51.671047,1.7205441
52.111923,9.476947
51.9052,0.25325662
51.96688,0.10208685
52.12601,9.536174
52.003113,-0.016554525
52.005627,-0.016320398
51.68773,1.3658237
52.21353,9.882505
51.657,2.1381032
51.816147,0.54440695
51.92909,0.18131788
52.189964,9.76214
52.148975,9.61112
52.05422,9.147776
52.19603,9.793583
51.99893,-0.008101156
52.002556,-0.009541204
52.00409,-0.010955026
51.831783,0.45523268
52.21469,9.875557
51.662766,1.9088
51.844814,0.4330662
51.908577,0.2356952
51.913605,0.22800477
51.684185,1.5677164
52.16148,9.669349
52.04249,9.1084175
52.201275,9.807675
52.003677,-0.010891845
52.00146,-0.008467605
51.95679,0.10236842
52.212303,9.8734255
51.66361,1.8833137
51.809196,0.57974654
51.88717,0.3031569
52.010082,8.942667
52.15702,9.645716
52.001682,-0.015130928
52.002228,-0.013837269
52.003517,-0.013153007
51.703583,1.1782347
52.217346,9.888551
51.65506,2.522781
51.78383,0.6955839
51.90184,0.25835115
51.94542,0.15104683
52.044476,9.216717
52.170067,9.694141
52.03469,9.042177
52.205025,9.834919
52.066418,9.183641
52.188343,9.76772
52.036507,8.974833
52.187885,9.76171
51.996338,-0.008707931
51.992973,0.016279051
52.20692,9.84792
51.794235,0.6251884
51.843075,0.44218832
52.173355,9.703321
52.120567,9.476104
51.99972,-0.014619997
52.005283,-0.01114147
52.20991,9.864579
51.66642,1.820909
51.74752,0.9029911
52.053387,9.194547
52.102142,9.400243
52.003487,-0.016210726
52.006477,-0.014290502
52.212395,9.864979
51.69175,1.3768449
51.795914,0.64745194
52.055676,9.209578
52.101696,9.395411
52.022068,8.982181
52.205887,9.830536
52.08583,9.305773
52.192425,9.785748
51.99793,-0.007430246
51.999344,-0.0081025865
52.004753,-0.0027081277
52.211582,9.865682
51.69841,1.3001916
51.810955,0.56503016
51.923893,0.20006616
51.881958,0.313762
52.144318,9.603876
52.000923,-0.0155972745
51.986347,0.049504824
52.214146,9.870844
51.658092,2.1579037
51.758125,0.8364499
52.19946,9.803723
52.119503,9.467171
52.012135,8.840948
52.193783,9.786202
52.014957,8.830049
52.198708,9.81609
51.99916,-0.007912805
51.999245,-0.011021307
52.003536,-0.011640957
51.68608,3.7249427
52.217358,9.890913
51.668613,1.7536467
51.808807,0.58145267
51.86789,0.3580628
51.89384,0.28969866
52.124557,9.538514
52.16161,9.659109
52.003464,-0.016058138
52.000546,-0.013850143
51.73864,0.8827041
52.210365,9.862381
51.66813,1.7769603
51.808167,0.5758143
51.94082,0.15674765
52.17603,9.709926
52.150745,9.618829
52.00111,-0.013991049
52.003162,-0.012740543
52.20555,9.847008
51.70453,1.2282636
51.847755,0.4367078
51.98386,8.749861
52.120434,9.479983
52.026855,8.982274
52.20206,9.817958
51.999256,-0.0091597345
52.001984,-0.009711197
51.65763,2.654653
52.207905,9.855486
51.686356,1.4510362
51.838207,0.45685846
51.902523,0.25385553
52.180405,9.725059
52.16169,9.663986
52.029793,8.990578
52.200706,9.821708
51.997677,-0.008499077
52.001263,-0.009738615
52.003876,-0.011876276
51.952126,0.119411536
52.21675,9.896913
51.6686,1.7879184
51.865498,0.36815244
51.90342,0.25069767
51.939598,0.16234167
51.959866,0.13608606
52.131107,9.547828
52.009354,8.869683
52.198074,9.802754
52.10093,9.375799
52.196663,9.814759
51.995613,-0.006273916
51.941933,0.12502225
52.205746,9.8464775
51.77101,0.7331019
51.797455,0.6332405
52.19565,9.788387
52.116398,9.456467
52.02902,8.994423
52.191807,9.77406
52.07173,9.200698
52.196003,9.805778
52.040764,8.999911
52.181267,9.734665
51.99813,8.674318
52.179417,9.724204
51.998013,-0.009545496
51.99962,-0.010511091
51.983173,0.049532242
52.212776,9.87452
51.672886,1.6895742
51.831894,0.4823106
51.914154,0.22643287
51.85763,7.2687135
52.173508,9.710145
52.005215,-0.01674216
52.005028,-0.015276363
52.00378,-0.013460567
51.994675,0.025576899
52.215668,9.881229
51.686115,1.4661868
51.835182,0.4756289
51.92947,0.18278535
51.91148,0.23472102
51.999107,0.05429799
52.218945,9.873512
52.156708,9.637875
52.04992,9.106103
52.193413,9.782936
52.078316,9.235456
52.195362,9.802271
52.033714,8.956421
52.19095,9.779771
51.998585,-0.007532051
51.998806,-0.009383133
52.002598,0.0016966555
52.211655,9.86448
51.704033,1.2459619
51.88879,0.2967916
51.95441,0.12685902
51.751842,0.87403256
52.14052,9.588749
52.00375,8.85305
52.20249,9.821229
52.00084,-0.0092884805
51.724762,0.97252804
52.20227,9.839516
51.75599,0.8136135
51.824062,0.5181282
52.195324,9.7860775
52.116474,9.450748
51.97219,8.542054
52.193035,9.78039
51.993572,-0.007228067
52.00148,-0.011096409
52.004284,-0.012612751
52.073013,9.278196
52.21366,9.878769
51.67909,1.560659
51.80518,0.5948568
51.87487,0.33284217
51.937904,0.16604407
52.207775,9.824864
52.143375,9.58024
51.995865,8.684382
52.19281,9.78785
52.03814,8.9626875
52.194347,9.795306
52.037163,8.96419
52.192814,9.792118
51.997578,-0.00782316
51.998714,-0.010189226
51.99916,0.010831425
52.209274,9.857841
51.66684,1.8007715
51.85041,0.41810495
51.920654,0.20481212
51.657673,2.7347302
52.152534,9.633291
52.00122,-0.015510252
52.00361,-0.015071562
51.769474,0.7208932
52.214252,9.89162
51.665276,1.8824848
51.846626,0.43040115
52.095016,9.357347
51.89203,0.27956563
52.197353,9.789016
52.148067,9.602811
52.037334,9.020387
52.198,9.805121
51.996532,-0.008718183
52.00057,-0.008811882
51.895706,0.24467714
52.20872,9.861577
51.668312,1.7895981
51.74897,0.8865352
51.91191,0.22435172
52.08643,9.342652
52.162365,9.666147
51.967342,8.496844
52.203156,9.825858
52.088924,9.306309
52.194702,9.795437
52.042408,9.044221
52.186897,9.758833
52.07017,9.208215
52.193745,9.795228
51.99748,-0.008532455
51.99722,-0.009116819
52.01371,8.905149
52.20863,9.858219
51.669857,1.7451413
51.854877,0.4011901
51.927383,0.1880718
52.201523,9.808392
52.125084,9.506075
52.0018,-0.012957981
52.000786,-0.010876587
52.000797,-0.008551767
51.99158,0.031366654
52.21907,9.894895
52.210804,9.863564
51.698093,1.2845664
51.8701,0.3396893
51.91817,0.20380409
51.96112,0.11374409
52.01716,0.009953568
52.216774,9.868005
52.14433,9.591517
52.00203,-0.012204817
52.000168,0.0048714373
52.20077,9.823168
51.680054,1.5393218
51.829662,0.49420553
52.146255,9.599423
52.107613,9.413879
52.001682,-0.014205625
52.002457,-0.013455799
51.951942,0.113566704
52.212223,9.867298
51.684635,1.4725332
51.85825,0.3952859
51.91962,0.2071658
52.06066,9.229298
52.15616,9.645399
52.022915,8.965333
52.198605,9.803885
52.000378,-0.00975292
52.00143,-0.008837869
51.81933,0.502801
52.21155,9.869426
51.718903,1.1192614
51.813152,0.5667303
51.90852,0.23621209
52.150414,9.616197
52.1789,9.732095
52.078526,9.294748
52.20329,9.827916
52.070057,9.204786
52.195942,9.804295
52.06459,9.155361
52.189598,9.7724905
51.99727,-0.007842233
51.89667,0.24011333
52.20329,9.838311
51.753376,0.8282624
51.81017,0.56651956
52.191597,9.771244
52.10602,9.404859
52.006313,8.823875
52.197994,9.809094
52.03388,8.95278
52.19463,9.799588
51.99844,-0.007986
51.9994,-0.0096940305
52.004147,-0.011407545
52.122135,9.502143
52.21923,9.895176
52.21066,9.866631
51.703938,1.2333558
51.88655,0.28804237
52.11994,9.469591
51.886772,0.29054028
51.968765,0.105007954
52.207436,9.833429
52.15761,9.641002
52.065292,9.194118
52.197773,9.806995
51.99697,-0.0064603593
52.001526,-0.007973125
51.82556,0.47699004
52.206818,9.843502
51.6593,2.0444963
51.810684,0.5705939
51.902046,0.25679737
52.177204,9.7142725
52.157818,9.644369
51.999294,8.756944
52.189583,9.765618
51.99571,-0.007997682
52.00012,-0.0077552106
52.001987,-0.009894779
52.209263,9.8494215
51.689255,1.4470116
51.874325,0.35302645
51.93635,0.17712148
51.961586,0.11722667
52.215813,9.860339
52.119717,9.48448
52.002964,-0.012882641
52.001812,-0.010080269
52.00291,-0.008274963
51.822792,0.4924708
52.216618,9.890758
51.67594,1.6157591
51.79111,0.6548453
51.869045,0.35154372
51.959267,0.11345083
51.739456,5.34427
52.16347,9.674604
51.93288,8.213734
52.197,9.794943
52.047836,9.074654
52.194668,9.797661
52.039867,8.999276
52.193382,9.796442
51.997013,-0.0058652665
51.999218,-0.009691646
51.998436,0.012502501
52.213413,9.87932
51.724335,1.0732782
51.790543,0.6665936
51.900932,0.26159483
51.753487,5.2473
52.16708,9.683003
52.056797,9.164817
52.20449,9.833046
52.000397,-0.009212187
52.001682,-0.0064257886
52.207306,9.853849
51.81165,0.56032616
51.82417,0.52086765
51.95275,8.478616
52.108112,9.420181
51.915977,7.9450254
52.202396,9.81928
52.000057,-0.00940769
52.00062,-0.008702448
52.003418,-0.0117012765
52.091393,9.37388
52.217236,9.893309
51.658287,2.1139944
51.83704,0.46232754
51.937004,0.16488583
51.966934,0.10047562
52.203716,9.810727
52.12947,9.530484
51.89887,7.6893845
52.19499,9.787657
52.058014,9.118732
52.199722,9.818581
51.998505,-0.007451227
51.999763,-0.010331562
51.980183,0.055876322
52.21422,9.876439
51.67848,1.5881481
51.81578,0.55340177
51.914406,0.22510727
51.905106,7.9901752
52.15488,9.635277
52.027084,8.9649105
52.19847,9.805631
52.057735,9.125804
52.19612,9.808892
52.052185,9.081458
52.19015,9.779589
52.05107,9.078668
52.18993,9.77686
51.997295,-0.0057148244
51.994785,0.0133071635
52.209656,9.857995
51.739967,0.93800956
51.8215,0.5328699
52.159294,9.649218
52.1174,9.457953
52.00177,-0.014123371
52.002533,-0.013497522
52.00461,-0.012872389
51.94554,0.13644941
52.215878,9.882286
51.657963,2.083607
51.821083,0.5246752
51.879387,0.31796533
51.953262,0.12670358
51.757027,0.9015921
52.165627,9.676853
52.002518,-0.016214779
52.00403,-0.015400579
52.00573,-0.014807632
51.961304,0.097391196
52.218952,9.896088
51.65801,2.128242
51.833355,0.48188502
51.899258,0.2651747
51.958607,0.11876757
51.965073,0.13316782
52.175858,9.719046
52.00499,-0.017156532
52.005863,-0.015977314
52.006138,-0.015302351
52.155975,9.648273
52.212135,9.868034
51.66473,1.8485988
51.862766,0.36524063
51.91723,0.20849092
51.972168,0.08473975
52.21099,9.837239
52.14002,9.577162
52.00345,-0.014921835
52.002476,-0.012753179
51.96667,0.080469914
52.211296,9.867334
51.663868,1.8785357
51.820282,0.5236755
51.882282,0.30561143
51.987663,8.756374
52.151863,9.623859
52.00335,-0.0155636575
52.003548,-0.014379671
51.866295,0.3412469
52.212658,9.881782
52.192577,9.780736
51.758556,0.81135446
51.881226,0.3041826
51.957855,0.11575181
52.098465,9.404237
51.97607,8.668093
52.207386,9.840922
52.068836,9.226083
52.1976,9.812589
51.996807,-0.0049180295
51.998547,-0.008062055
52.002144,-0.008674314
51.670586,1.6398379
52.219124,9.9019
51.657436,2.088593
51.84991,0.41624695
51.94182,0.15729864
51.94075,0.16520627
52.11716,9.5182
52.165966,9.678673
52.03059,9.0418
52.19774,9.799526
51.99929,-0.008462122
52.000706,-0.009140899
51.97843,0.05835206
52.21224,9.870381
51.6585,2.1433017
51.777603,0.73795515
51.933735,0.1805845
51.959778,8.595021
52.162888,9.6704235
51.99081,8.73854
52.202934,9.826741
52.000004,-0.007796934
52.00082,-0.008119514
51.709282,4.1102834
52.208218,9.864058
51.660088,2.0240283
51.820408,0.5196443
51.87724,0.3204592
52.187675,9.751367
52.133114,9.538703
52.003323,8.78573
52.19491,9.792328
52.043503,9.031812
52.195286,9.803328
52.090466,9.311083
52.19237,9.786282
52.015865,8.839973
52.182888,9.7404785
52.06464,9.16737
52.190105,9.775545
51.997528,-0.008950403
51.99863,-0.008920839
51.86672,7.136512
52.207138,9.845485
51.69127,1.3959926
51.81041,0.573083
51.912792,0.22306187
52.18237,9.729506
52.136703,9.55549
51.998497,8.752825
52.19622,9.797664
52.037285,8.967041
52.193516,9.7939625
52.059017,9.131617
52.191116,9.782502
52.0269,8.92747
52.182064,9.738117
51.999023,-0.008890798
52.000088,-0.009830406
51.997166,0.01410968
52.211605,9.869016
51.663174,1.8888687
51.771534,0.7561589
51.860275,0.38620287
51.708538,4.290081
52.161835,9.665343
52.05171,9.142092
52.20482,9.83158
52.051167,9.098744
52.191605,9.779934
52.063198,9.137949
52.185043,9.752412
52.077454,9.225669
52.189537,9.776172
52.07069,9.195307
52.185955,9.756985
52.03223,8.948084
52.184258,9.747938
52.029278,8.933458
52.18091,9.733078
51.99648,-0.005911043
51.98843,0.024319002
52.204296,9.84563
51.72738,1.0062952
51.850548,0.41693312
52.171352,9.68999
52.08215,9.28312
52.02454,8.944478
52.194187,9.786356
52.089333,9.306442
52.19707,9.814342
52.088535,9.294996
52.188576,9.767703
52.079983,9.239325
52.179703,9.730062
52.031376,8.918469
52.1825,9.744664
51.99552,-0.008118322
51.99822,-0.009812525
52.00366,-0.010620525
51.991447,0.036346026
52.22023,9.899084
51.65624,2.347216
51.858475,0.3981307
51.90692,0.2521363
51.91248,0.23555
52.00739,0.032000847
52.21714,9.866454
52.12535,9.510364
51.9896,8.681205
52.191216,9.770417
52.034344,8.936895
52.191334,9.7787
52.04839,9.053703
52.19088,9.780908
52.037453,8.974343
52.190987,9.781831
52.064392,9.15559
52.191998,9.7854395
52.057426,9.131347
52.19142,9.786865
51.998775,-0.007228067
52.000744,-0.010482242
51.855965,0.36756426
52.209557,9.852067
51.654594,2.5096502
51.82405,0.52266914
51.934807,0.17203386
52.125275,9.522373
52.164383,9.674928
51.9736,8.578288
52.1959,9.790884
52.039646,9.014137
52.190235,9.773837
52.03366,8.970326
52.19085,9.778646
51.99697,-0.007986
51.998573,-0.009808948
52.003174,-0.010527542
51.78117,5.6672616
52.21669,9.889827
51.69227,1.370974
51.834213,0.47506648
51.921535,0.20543106
52.120544,9.483727
51.973667,0.09821326
52.146317,9.616284
52.170567,9.696468
51.99963,-0.012016943
52.003452,-0.015095165
52.21274,9.869429
51.75343,0.86108524
51.846935,0.44080144
51.91738,8.186724
52.07284,9.253172
52.030334,9.045916
52.202644,9.816121
52.024387,8.938996
52.19932,9.814001
52.03691,8.978171
52.18903,9.769053
51.998962,-0.007028749
51.958244,0.09088332
52.20515,9.849967
51.70477,1.214574
51.788136,0.66588503
52.192448,9.773249
52.136757,9.547888
52.0214,8.929741
52.198483,9.804829
52.083157,9.268536
52.19689,9.81101
52.02909,8.92461
52.186462,9.75992
52.069664,9.184458
52.198353,9.819055
52.07363,9.214789
52.183342,9.742947
52.035313,8.972246
52.187782,9.76566
52.04734,9.065139
52.19272,9.790466
52.0194,8.86293
52.192398,9.787695
52.049545,9.073353
52.188354,9.767733
51.996487,-0.0067621972
51.997696,-0.008120945
51.983887,0.042570658
52.209507,9.861716
51.66121,1.9904686
51.827564,0.5056518
51.94126,0.15663297
51.94742,8.463184
52.16025,9.654766
52.003586,-0.01650112
52.00412,-0.014865806
52.007492,-0.011726549
52.213196,9.875184
51.671295,1.7183936
51.821377,0.5297709
51.946476,0.14456327
51.95579,0.12289674
52.216354,9.860815
52.131386,9.532774
52.002373,-0.013922861
51.984936,0.04074604
52.203667,9.83549
51.726738,1.0371124
51.799305,0.6204844
52.195526,9.788636
52.11873,9.469466
51.99196,8.708109
52.195457,9.794589
52.048832,9.073696
52.19317,9.788927
51.997753,-0.009111812
51.999527,-0.010954788
52.00628,-0.01251786
52.07238,9.281179
52.217686,9.892386
51.657516,2.187208
51.78508,0.67807585
51.921787,0.19790371
51.95028,0.14217146
52.20543,9.815485
52.114384,9.471644
52.042145,9.093774
52.19806,9.805366
52.035458,8.976467
52.19809,9.82092
51.997383,-0.006134918
51.98279,0.040672608
52.207653,9.857283
51.70195,1.273003
51.849808,0.43335015
52.19879,9.798239
52.134434,9.537919
52.03144,9.012778
52.194057,9.782807
52.0312,8.953183
52.197487,9.804178
52.043823,9.050426
52.193077,9.787147
52.075592,9.232403
52.183807,9.749699
52.034058,8.957571
52.185673,9.752808
52.062874,9.162172
52.185375,9.751202
51.997513,-0.009010484
51.99913,-0.010082414
52.0075,8.839751
52.2052,9.848125
51.661503,1.9571542
51.85796,0.38385016
51.907917,0.23612006
52.20356,9.823402
52.15986,9.655702
52.01783,8.882405
52.19469,9.791519
52.06092,9.120461
52.19394,9.79318
52.068672,9.187303
52.19231,9.786266
51.995323,8.6562195
52.190434,9.775027
52.03219,8.961632
52.184624,9.748527
52.05881,9.129194
52.192448,9.7849
52.061237,9.137566
52.18837,9.766165
52.028294,8.927575
52.186394,9.759098
51.996964,-0.0065390375
51.99733,-0.0075485017
52.003635,-0.009159258
51.98003,0.053870507
52.21611,9.888833
51.69094,1.3975276
51.785446,0.69238836
51.938103,0.16829617
51.93436,0.17885764
51.99416,0.057986327
52.21366,9.849744
52.126785,9.517104
52.008854,8.817152
52.19356,9.783407
51.996353,-0.0064958837
51.989075,0.030577013
52.205517,9.844269
51.75959,0.7985521
51.775578,0.73824626
52.17253,9.69804
52.107456,9.413008
51.976547,8.5927925
52.20159,9.814583
52.05465,9.104956
52.19046,9.77893
51.997967,-0.0076622274
51.9988,-0.009437969
52.000183,-0.00899761
51.902138,0.23523314
52.21731,9.890585
51.667015,1.7906674
51.831383,0.48408467
51.930267,0.18190248
51.93846,0.16254099
51.71771,1.1697034
52.17567,9.715078
52.08036,9.288954
52.203423,9.832009
51.998886,-0.007528713
52.00027,-0.00558584
52.00362,-0.0069035795
52.210613,9.869319
51.659332,2.1163893
51.80276,0.6232746
51.881348,0.3274606
51.929028,0.19324048
52.211445,9.844157
52.150597,9.612348
52.03765,9.015281
52.18885,9.766577
51.99269,-0.005366495
51.999844,-0.008025816
51.80143,0.56385
52.207645,9.850353
51.672287,1.7083768
51.818516,0.5386084
51.903866,0.2533508
52.12506,9.519351
52.15407,9.6335535
52.003025,-0.0157923
52.00292,-0.015291145
52.00271,-0.012942722
51.943703,0.13645919
52.216423,9.885963
51.756943,0.8355945
51.833366,0.47957402
51.927547,0.19049533
51.96857,0.09692962
51.845924,0.48010927
52.162205,9.669947
52.02562,9.007491
52.200924,9.812945
52.07955,9.26527
52.19379,9.795218
52.045555,9.0454445
52.1866,9.75528
52.016426,8.85207
52.188213,9.763512
51.998043,-0.009066036
52.000015,-0.010463169
52.004204,-0.011383703
51.886127,0.28426915
52.217472,9.897607
51.664497,1.8652682
51.828754,0.49858576
51.891148,0.2822538
51.940205,0.16282757
51.923153,0.22812231
52.173656,9.710177
51.979942,8.653716
52.19757,9.796749
52.000618,-0.0083674695
52.001682,-0.00961726
52.003464,0.00057394244
52.211105,9.858104
51.706043,1.2414143
51.87891,0.3332489
51.91671,0.21939261
51.696777,1.3374542
52.16237,9.665005
52.0353,9.030102
52.204647,9.835872
52.08109,9.271259
52.197784,9.8137245
52.072258,9.2164955
52.18562,9.755545
51.99807,-0.0067567136
51.99837,-0.008943489
51.956867,8.392086
52.20801,9.859892
51.65989,2.0921538
51.77771,0.7149771
52.10481,9.406504
51.88298,0.29937345
52.212685,9.855689
52.15918,9.653301
51.99867,-0.009321382
52.00161,-0.011970451
52.002884,-0.009562423
51.95532,8.462792
52.21829,9.896489
51.69653,1.3207761
51.856384,0.39410502
51.930145,0.18087442
51.929726,0.18788679
52.185226,9.748257
52.14506,9.599426
52.002403,-0.015383413
52.002174,-0.014122656
51.76517,5.2434354
52.208942,9.854781
51.666546,1.7827798
52.19418,9.781818
51.7872,0.65197474
51.918373,0.20325024
52.09361,9.355697
52.00071,-0.013183763
52.00669,-0.017546108
52.114956,9.4845705
52.214165,9.885688
51.66,1.9890877
51.845207,0.43018323
51.66036,2.8129346
52.11507,9.4557495
52.05768,9.181559
52.204178,9.830334
52.09197,9.322094
52.197533,9.822195
51.99662,-0.005947998
51.997425,-0.006830862
52.20726,9.852381
51.722927,1.0598849
51.86647,0.37493116
51.95386,8.518263
52.129658,9.515086
52.04243,9.068155
52.205414,9.841262
51.999397,-0.010456255
52.00061,-0.009263923
51.98732,0.03882081
52.211308,9.869789
51.70135,1.2615645
51.826374,0.502297
51.914207,0.22339018
51.97775,8.695031
52.150112,9.620682
51.985302,8.683674
52.199585,9.808729
52.077946,9.245666
52.194645,9.796889
51.995953,-0.005863121
51.99834,-0.008091619
51.98289,8.639798
52.20819,9.8604355
51.65747,2.191922
51.815697,0.5462044
52.199768,9.808498
51.838093,0.45200402
52.141052,9.57595
51.981396,8.608458
52.189556,9.77017
52.057682,9.14302
52.195385,9.796901
51.99766,-0.0071679857
51.99847,-0.0074874666
52.207203,9.857763
51.745556,0.8937736
51.821075,0.5297099
52.0001,8.874817
52.09922,9.376847
52.056694,9.187243
52.20594,9.835908
52.09517,9.3344
52.193527,9.791156
52.05803,9.11075
52.19065,9.780641
52.04794,9.056527
52.18727,9.7624235
52.031803,8.952552
52.190445,9.775141
51.997585,-0.006640842
51.999386,-0.009945324
51.944084,0.13429411
52.20948,9.86191
51.677082,1.6027708
51.833595,0.47544485
51.911182,0.22761138
51.93907,8.326577
52.141987,9.591579
52.027893,9.023164
52.19784,9.801659
51.999187,-0.009077003
51.81189,0.51473147
52.208103,9.854336
51.7388,0.9432147
51.864307,0.37965828
52.200077,9.802929
52.08924,9.319387
52.002518,-0.013722112
52.001198,-0.011481455
51.728474,0.9637144
52.209408,9.864745
51.675625,1.6350821
51.812622,0.55694586
51.91755,0.2105778
52.17673,9.710125
52.16582,9.671817
52.015076,8.897303
52.199684,9.804157
52.045208,9.057108
52.19436,9.7907295
52.00033,-0.009473493
52.000717,-0.010926655
52.004513,-0.010115078
52.21019,9.856347
51.668617,1.771523
51.798656,0.62476593
51.937607,0.16819794
52.197704,9.795579
51.912926,0.2405823
52.076366,9.294999
51.929096,8.0362215
52.190826,9.775037
52.080894,9.275006
52.18927,9.770067
51.962883,8.340165
52.18593,9.758944
51.996796,-0.00752919
51.998146,0.0043736193
52.20668,9.84841
51.74586,0.8829306
52.155983,9.639296
51.852947,0.39738518
52.08081,9.277191
52.00067,-0.0137101915
52.002316,-0.012801817
51.96548,0.093211
52.212383,9.879809
51.65537,2.392474
51.807125,0.5872567
51.90172,0.25656825
52.13203,9.541776
52.137733,9.570021
52.00416,-0.016604116
52.00406,-0.014400175
52.00548,-0.011658123
52.214016,9.883092
51.703903,1.2476848
51.861603,0.3796988
51.9104,0.23089154
51.941845,0.1504124
52.21504,9.858427
52.14907,9.608076
52.03898,9.027682
52.188904,9.76359
51.995403,-0.0075375345
52.00138,-0.009256294
52.002872,-0.010462454
51.963993,8.509656
52.21626,9.889905
51.655853,2.3031626
51.784515,0.67706686
52.177135,9.71268
51.932724,0.17409928
51.97814,0.08827979
52.1087,9.447966
51.98794,8.719322
52.205837,9.825771
52.05579,9.135748
52.194126,9.799929
51.996468,-0.0074149873
51.999958,-0.009428909
51.854668,6.8646393
52.20568,9.850619
51.657913,2.1285543
51.81459,0.5580991
51.92043,0.207043
52.20272,9.81364
52.13548,9.5451355
52.00177,-0.013162544
52.002216,-0.011940649
52.0209,8.933322
52.213013,9.884354
51.658455,2.6941588
51.81134,0.55984646
51.881332,0.3100186
52.138012,9.555015
52.049267,9.119723
52.203983,9.826744
52.002136,-0.0093941
51.992035,0.02012522
52.206688,9.848916
51.767807,0.76049834
51.83542,0.4749964
52.149303,9.61841
52.090157,9.343998
52.0758,9.288878
52.20524,9.832358
51.999855,-0.009586504
52.002583,-0.009208849
51.95703,0.10322959
52.210663,9.869278
51.668476,1.7952087
51.824734,0.51062495
51.925198,0.1882027
52.04314,9.11382
52.151093,9.617312
52.06211,9.179378
52.195774,9.791261
51.999264,-0.010034969
52.000458,-0.008971622
51.998245,0.012663433
52.211952,9.872091
51.659447,2.0382776
51.810577,0.5721577
51.91548,0.22391231
51.778378,5.671326
52.17212,9.7035475
52.003227,-0.01458781
51.917797,0.19926007
52.211002,9.878295
51.69914,1.2663121
51.790222,0.6576863
52.111916,9.444308
52.198647,9.807705
52.03071,9.00003
52.19559,9.799403
52.039948,8.998616
52.18206,9.737712
52.083916,9.273188
52.18835,9.765462
52.028633,8.92044
52.18562,9.754232
51.986156,8.600784
52.190594,9.778438
51.99858,-0.008366754
52.00072,-0.010500839
51.902016,0.23796709
52.209133,9.851214
51.690876,1.3999537
51.853252,0.41258246
51.922485,0.20498665
52.086723,9.353339
52.148422,9.610405
52.031284,8.991448
52.20156,9.818279
52.033875,8.969678
52.194954,9.796349
52.084183,9.278372
52.19185,9.781064
52.05798,9.121232
52.191696,9.781484
51.997723,-0.00682061
52.000027,-0.009257009
51.674046,1.5632647
52.21018,9.863241
51.65557,2.581765
51.76034,0.8124164
51.880722,0.31159836
52.17472,9.701959
52.148785,9.605417
52.001038,8.800583
52.197426,9.8012495
51.99789,-0.008505752
51.999874,-0.007852485
52.00307,-0.010039261
51.926304,0.18142731
52.219135,9.898101
51.66585,1.8363898
51.829357,0.5037697
51.915718,0.22726472
51.958027,0.124781914
51.90454,0.28628117
52.14432,9.598611
52.003246,-0.016025951
52.007694,-0.01436322
52.215378,9.873405
51.674942,1.6197743
51.802776,0.6185189
52.09627,9.414888
52.122627,9.491554
52.049267,9.138232
52.198933,9.806126
52.056885,9.124443
52.190365,9.775755
52.02362,8.876242
52.186623,9.76144
51.99795,-0.008290222
51.997986,-0.010384252
52.00411,-0.010350874
51.8759,0.31355935
52.216236,9.884387
51.679005,1.5485051
51.8347,0.471366
51.90629,0.24154766
51.93878,0.16557677
51.8615,0.42159897
52.190872,9.779687
52.08115,9.302359
52.2039,9.832565
51.99988,-0.008869102
52.00064,-0.008788994
51.835747,0.4384516
52.209846,9.8719
51.67566,1.6257756
51.829254,0.49162346
51.920963,0.20868762
52.1117,9.457725
52.14064,9.587508
52.003895,-0.01630657
52.004173,-0.015713623
51.993244,0.02903683
52.215027,9.879546
51.65883,2.1371372
51.82719,0.50814015
51.89211,0.28936416
51.98892,8.805013
52.174572,9.712207
52.04746,9.123056
52.204933,9.830518
52.000504,-0.009334018
52.00057,-0.008889368
52.003193,-0.01022332
51.683617,1.412306
52.215797,9.879523
51.68203,1.5043073
51.856453,0.40276867
51.88227,0.31231028
51.94262,0.15802248
51.98264,8.873779
52.167374,9.688484
51.98511,8.674012
52.19889,9.8044615
52.060326,9.150724
52.19367,9.790787
52.015903,8.836456
52.185043,9.75212
52.058846,9.140825
52.187183,9.761703
52.053482,9.095913
52.184708,9.749831
51.995907,-0.007579973
51.99813,-0.0024375226
52.205517,9.84431
51.797718,0.6097172
51.886715,0.29938227
52.103706,9.432316
52.088844,9.321734
52.004093,-0.01617997
52.003716,-0.01445215
52.0055,-0.013852289
52.142757,9.5957575
52.21836,9.899007
51.656456,2.3210318
51.82452,0.5248187
51.91745,0.21673496
51.96977,0.09930164
52.20717,9.821816
52.166496,9.679367
52.04329,9.080554
52.197742,9.806379
52.059917,9.131329
52.194515,9.801124
52.04756,9.048905
52.18657,9.764894
51.998013,-0.0075649526
52.00025,-0.009812525
51.98732,0.041719027
52.21174,9.870881
51.655735,2.3435354
51.831802,0.4870029
51.902874,0.2548774
51.948444,8.366211
52.147774,9.602606
52.00206,-0.01518791
52.001694,-0.013930252
52.070915,9.246245
52.208042,9.859989
51.662567,1.902536
51.78927,0.6531084
51.815342,0.54509145
52.09932,9.385051
52.00609,-0.017676761
52.00617,-0.0026978757
52.211956,9.861671
51.71495,1.1208826
51.80371,0.6039215
52.18162,9.733903
52.11092,9.432381
52.001442,-0.013876846
52.00076,-0.012053898
51.838203,6.6234226
52.206577,9.848591
51.68728,1.4119174
51.831535,0.47477967
51.918056,0.20619352
52.19167,9.769898
52.14003,9.577916
52.001987,-0.013446262
52.002388,-0.012721708
51.676342,3.3484013
52.20804,9.854229
52.200718,9.810215
51.744957,0.87795764
51.889282,0.27586108
51.924534,0.19340928
52.115227,9.467748
52.004604,-0.017196348
52.010437,-0.01609104
52.218166,9.890043
51.672092,1.7118715
51.82684,0.5190404
52.051113,9.198987
52.07369,9.259638
52.06866,9.234348
52.19772,9.802143
52.085567,9.293549
52.191578,9.782247
52.073162,9.201487
52.190407,9.777853
51.996994,-0.00594466
51.998,0.0028608534
52.204315,9.83866
51.791252,0.6463986
51.8817,0.31754714
52.103878,9.431172
52.10329,9.3924265
52.077488,9.273027
52.201023,9.814858
51.99918,-0.0055336263
51.999348,-0.0060316827
52.003536,-0.007397106
52.04792,9.112115
52.211033,9.875126
51.65952,2.085432
51.835182,0.46785313
51.904175,0.2413934
51.962803,0.10751588
52.204292,9.81136
52.142494,9.590702
52.002853,-0.014295986
52.004845,-0.012576511
51.931274,8.144445
52.21109,9.863351
51.67006,1.7095693
51.806614,0.57688457
51.917557,0.21153267
52.203735,9.818008
52.143234,9.58486
52.003246,-0.014318636
52.00246,-0.012262037
52.00201,-0.007975033
52.216812,9.895989
51.654064,2.3494482
51.859344,0.388398
51.927956,0.18728574
51.946625,0.14318188
52.214066,9.856944
52.151928,9.622056
51.98358,8.629225
52.18734,9.758244
51.99638,-0.007577112
52.002144,-0.009801557
52.00307,0.0042763446
52.209496,9.853883
51.67262,1.6850063
51.8056,0.5969549
51.930508,0.18153031
51.65745,2.4313447
52.162483,9.665305
52.041073,9.078078
52.20155,9.814987
52.064873,9.180168
52.19158,9.782667
52.035824,8.98371
52.18358,9.744733
52.035416,8.967812
52.18619,9.756096
51.99912,-0.0077339914
51.925343,0.1703964
52.210384,9.860195
51.722298,1.0743634
51.872353,0.35411173
52.199814,9.798469
52.123173,9.491962
52.069984,9.251652
52.200928,9.815313
52.074036,9.219243
52.198853,9.813723
52.08424,9.2717705
52.18766,9.763302
52.00009,-0.0074559953
52.00041,-0.009415319
52.004074,-0.011247089
51.969833,8.593285
52.215168,9.8780985
51.65677,2.25175
51.83162,0.4901548
51.932,0.17891581
51.956657,0.12106068
52.186604,9.750772
52.169937,9.693777
52.061817,9.191466
52.199932,9.814024
51.997906,-0.009645393
52.00281,-0.009904316
51.74098,4.8167853
52.210037,9.864728
51.660336,2.0249796
51.829144,0.50053936
51.929604,0.18204506
52.198765,9.798568
52.139183,9.5663595
51.957767,8.364603
52.191875,9.780014
51.994167,-0.007610729
52.002666,-0.011175325
52.003372,-0.011032751
51.70388,1.1847452
52.21443,9.871586
51.669563,1.7399176
51.827515,0.49713665
51.882282,0.30877382
51.93706,0.16819866
51.882187,7.953519
52.16342,9.674364
51.925297,8.136425
52.200634,9.810865
52.00174,-0.011001756
52.000843,-0.010521343
51.891804,0.25975662
52.209488,9.865753
51.659027,2.0328505
51.805565,0.585661
51.922928,0.19551213
52.110188,9.442673
52.156387,9.63544
51.990227,8.663469
52.198437,9.801937
52.052345,9.100045
52.190056,9.77296
52.02856,8.946163
52.183605,9.74421
51.998455,-0.008846214
51.999287,-0.011334112
51.861584,7.0707183
52.207924,9.855325
51.661644,1.9372743
51.851353,0.4250849
51.878967,0.32995445
52.20233,9.810908
52.161148,9.661007
52.020718,8.956998
52.19879,9.806272
51.996414,-0.0067965295
52.001984,-0.0056371
52.003544,-0.010098627
52.00054,8.822861
52.21589,9.888998
51.673294,1.6592153
51.8194,0.5299855
51.90102,0.26075178
51.955196,0.12690218
52.202805,9.805125
52.166737,9.681512
52.03187,8.991181
52.194057,9.7863245
52.077866,9.236175
52.197495,9.816617
52.053368,9.094445
52.19177,9.791067
51.996994,-0.005170038
51.998898,-0.008472612
51.996555,0.01375992
52.20699,9.841227
51.674007,1.6699839
51.87281,0.34851938
51.926136,0.1951483
51.660767,2.9836898
52.17649,9.721981
52.004387,-0.016075542
52.0034,-0.014750173
51.66881,3.2200987
52.21307,9.881597
51.69846,1.3107117
51.89169,0.29148418
51.916428,0.21837933
52.18498,9.743495
52.163494,9.670311
52.01885,8.925166
52.19784,9.803227
51.99778,-0.0083030965
52.00198,-0.010178259
51.924835,0.18223722
52.211464,9.864125
51.65874,2.1266103
51.79257,0.66792613
51.912933,0.23761852
52.14871,9.611769
52.16627,9.682787
52.003086,-0.015119245
51.98847,0.03621108
52.205006,9.845465
51.665977,1.7813098
51.861794,0.3731082
52.18557,9.7457695
52.08383,9.291607
52.000538,-0.012885263
52.002422,-0.011972358
51.661137,1.8208327
52.214245,9.880608
51.657593,2.0851593
51.781193,0.7032142
51.891396,0.29044253
52.17753,9.719899
52.13036,9.544936
52.002846,-0.014493158
52.003635,-0.01385968
52.003464,-0.011778524
52.21435,9.8711605
51.656807,2.1369188
51.868538,0.36317974
51.927914,0.18968637
51.957035,0.1237622
52.21424,9.85325
52.13064,9.534359
52.00099,-0.012735536
52.000385,-0.01138418
52.003765,-0.010079553
52.001183,0.0109952185
52.22006,9.9011755
51.739887,0.9617389
51.838985,0.45836002
51.90036,0.2570539
51.960518,0.113674946
52.002445,0.0397783
52.215443,9.8664665
52.143238,9.585181
52.01422,8.865981
52.19441,9.796801
52.034153,8.934033
52.193375,9.791763
52.008217,8.778072
52.180794,9.733999
52.028336,8.92488
52.18213,9.738825
52.04062,9.002139
52.1902,9.780741
51.99704,-0.0071143415
51.997707,-0.008611372
52.00395,-0.010304859
51.654995,2.507068
52.215828,9.887289
51.6591,2.0887299
51.827522,0.49892074
51.89758,0.26618224
51.95023,0.137374
52.11613,9.502683
52.13842,9.5683155
51.998264,8.779656
52.197155,9.794929
52.04468,9.041485
52.192646,9.792556
52.04988,9.057713
52.18959,9.77422
52.05818,9.1137495
52.18767,9.767745
52.0567,9.108659
52.18802,9.765992
52.03495,8.923828
52.181496,9.739503
51.982502,8.502694
52.18376,9.746286
52.041004,9.037089
52.189735,9.771434
51.99788,-0.009642055
52.00013,-0.010928085
51.762768,5.2196274
52.21238,9.8767805
51.688965,1.4081606
51.836086,0.4690159
51.915215,0.22079737
52.196087,9.784151
52.15995,9.654471
52.023476,8.957208
52.20146,9.816907
52.015167,8.834134
52.19812,9.809594
52.082893,9.273641
52.190945,9.7778425
51.998295,-0.008474996
52.000885,-0.00456064
52.208557,9.860287
51.772408,0.7387274
51.78209,0.7165366
52.05729,9.212351
52.10881,9.4249525
52.00312,-0.015252044
52.002033,-0.0136606
52.06769,9.2335205
52.213932,9.885983
51.65639,2.4004486
51.81011,0.564683
51.754223,0.85231835
52.097553,9.370743
52.06538,9.228987
52.20207,9.814469
52.002052,-0.008378437
52.00037,-0.008872202
52.112667,9.45274
52.20512,9.8447
51.698822,1.3170015
51.87048,0.35141617
51.74735,5.003654
52.110466,9.434298
52.004707,-0.016717127
52.004658,-0.015376022
52.00406,-0.013437917
52.139084,9.584435
52.21585,9.889755
51.655346,2.5023015
51.814205,0.55182415
51.942776,0.14891846
51.94692,0.14620574
52.208992,9.829875
52.16049,9.656278
51.99158,8.691885
52.196613,9.797145
51.996555,-0.0073861387
52.003555,-0.007968357
51.91346,0.20599397
52.210476,9.861688
52.170494,9.690825
51.85555,0.3968361
51.939693,0.15496309
51.94669,0.13644989
52.10927,9.450702
52.06037,9.219051
52.209045,9.848038
52.06649,9.205488
52.19637,9.805618
51.999638,-0.0092138555
52.001015,-0.009447506
51.88015,7.3896284
52.212616,9.876323
51.65724,2.746061
51.809216,0.58485395
52.199368,9.803865
51.9014,0.2576092
52.138546,9.5613785
51.998558,-0.012729099
51.999897,-0.011675289
51.997974,0.019000838
52.212524,9.876415
51.699917,1.2973295
51.835148,0.4796136
51.892937,0.28366238
52.00781,8.914464
52.15085,9.620692
52.003315,-0.016284635
52.006054,-0.010332277
52.2102,9.862752
52.16024,9.654167
51.742123,0.91510016
51.881054,0.30938107
52.089607,9.326245
52.008865,8.8466015
52.20193,9.818814
52.00281,-0.008963993
51.766415,0.7227605
52.208847,9.86621
51.71803,1.0906683
51.76427,0.79584914
52.1976,9.794602
52.133053,9.534702
51.998947,-0.011523893
52.0005,-0.011800459
52.001038,-0.009400299
51.856457,0.37800914
52.21686,9.885131
51.701313,1.2925242
51.85681,0.39733773
51.917988,0.22150595
51.95223,0.13735469
51.728317,5.283493
52.128326,9.542622
52.01601,8.955946
52.200443,9.806818
52.00236,-0.010108402
52.00128,-0.009685686
51.994312,0.022012541
52.205997,9.842246
51.72033,1.0923138
51.866528,0.35748345
51.893436,0.27683645
51.889545,7.688764
52.163155,9.667628
52.03409,9.019428
52.20131,9.819798
52.034065,8.952843
52.197662,9.813521
52.077465,9.239772
52.18991,9.772281
52.033295,8.966961
52.184864,9.748842
52.04558,9.045397
52.188515,9.767426
52.07859,9.2477255
52.191086,9.7777405
52.083885,9.281964
52.18779,9.765949
52.075996,9.232692
52.189156,9.77067
52.04413,9.0245695
52.18863,9.771021
52.024303,8.913985
52.19633,9.80156
51.99998,-0.0076765325
52.000782,-0.009678295
52.00425,-0.008841446
51.866917,0.33993417
52.21769,9.894388
51.659256,2.0764658
51.80074,0.6102987
51.914223,0.22295435
51.951675,0.13121207
51.842518,0.49066812
52.166584,9.68896
52.004326,-0.017036607
52.006153,-0.016827038
52.00728,-0.01627033
52.165802,9.687847
52.216625,9.885556
51.65915,2.058347
51.81864,0.53802115
51.92539,0.19152744
52.19125,9.765282
51.89244,0.30337673
52.121773,9.493825
51.896557,7.6349626
52.193874,9.787539
52.003143,-0.010268858
51.999634,0.0045531485
52.208195,9.857026
51.78946,0.65161186
51.842888,0.45012718
52.151154,9.624031
52.115646,9.457588
52.010746,8.879406
52.200268,9.8112135
51.9987,-0.008946111
52.001232,-0.008956363
52.002983,-0.010747841
51.964054,0.092763014
52.219204,9.902662
51.669956,1.72289
51.805458,0.5844787
51.91706,0.21653683
51.933846,0.17734917
51.985928,0.0747338
52.168674,9.68734
52.002438,-0.016014269
51.96167,0.10049803
52.21083,9.863323
51.71916,1.0732892
51.85973,0.38381964
52.19926,9.803768
52.106983,9.4093075
52.031395,9.001183
52.196537,9.807443
52.09664,9.337811
52.192398,9.784633
52.082844,9.267961
52.192215,9.785446
52.041615,9.032667
52.18795,9.765388
51.998966,-0.008740118
52.001663,-0.010991028
52.005226,-0.012445619
52.044106,9.130168
52.213966,9.872183
51.659855,2.020298
51.84316,0.43749148
51.872223,0.33706647
51.94403,0.14980467
52.196163,9.783245
52.151062,9.620978
51.978123,8.612124
52.192333,9.7756405
52.04462,9.024186
52.188198,9.764407
52.03161,8.947751
52.191963,9.78498
52.097336,9.346273
52.19165,9.782142
51.99785,-0.0066553857
51.98861,0.025648424
52.202717,9.825146
52.164074,9.665186
51.788757,0.6669932
51.904343,0.2502728
52.104656,9.406613
52.004967,8.778454
52.20598,9.828494
52.003807,-0.010554722
51.991844,0.023450682
52.205494,9.842137
51.794456,0.6331015
51.880947,0.32231957
52.18613,9.750222
52.118973,9.469279
52.002956,-0.014155319
52.002464,-0.012791565
52.003593,-0.008146217
52.21709,9.884374
